{
	"format_version": "1.8.0",
	"animations": {
		"idle": {
			"loop": true,
			"animation_length": 2.0833,
			"bones": {
				"bone": {
					"rotation": {
						"0.0": {
							"vector": [47.26579, 15.69986, 16.32495]
						},
						"1.0": {
							"vector": [47.26579, 15.69986, 16.32495]
						},
						"1.0833": {
							"vector": [0, 0, 0]
						},
						"2.0": {
							"vector": [0, 0, 0]
						},
						"2.0833": {
							"vector": [47.26579, 15.69986, 16.32495]
						}
					}
				},
				"bone2": {
					"rotation": {
						"0.0": {
							"vector": [47.26579, -15.69986, -16.32495]
						},
						"0.5417": {
							"vector": [47.26579, -15.69986, -16.32495]
						},
						"0.625": {
							"vector": [0, 0, 0]
						},
						"1.25": {
							"vector": [0, 0, 0]
						},
						"1.3333": {
							"vector": [47.26579, -15.69986, -16.32495]
						}
					}
				},
				"bone11": {
					"rotation": {
						"0.0": {
							"vector": [10, 0, 0]
						},
						"1.0": {
							"vector": [10, 0, 0]
						},
						"1.0833": {
							"vector": [0, 0, 0]
						},
						"2.0": {
							"vector": [0, 0, 0]
						},
						"2.0833": {
							"vector": [10, 0, 0]
						}
					}
				},
				"bone12": {
					"rotation": {
						"0.0": {
							"vector": [10, 0, 0]
						},
						"1.0": {
							"vector": [10, 0, 0]
						},
						"1.0833": {
							"vector": [0, 0, 0]
						},
						"2.0": {
							"vector": [0, 0, 0]
						},
						"2.0833": {
							"vector": [10, 0, 0]
						}
					}
				}
			}
		},
		"swim": {
			"loop": true,
			"animation_length": 0.2512,
			"bones": {
				"Carapace": {
					"rotation": {
						"0.0": {
							"vector": [-20, 0, 0]
						},
						"0.25": {
							"vector": [-20, 0, 0]
						}
					}
				},
				"bone11": {
					"rotation": {
						"vector": [0, 57.5, 0]
					}
				},
				"bone12": {
					"rotation": {
						"vector": [0, -57.5, 0]
					}
				},
				"bone15": {
					"rotation": {
						"0.0": {
							"vector": [2.72535, -47.44052, -3.69768]
						},
						"0.1333": {
							"vector": [0, -47.5, 0]
						},
						"0.25": {
							"vector": [2.72535, -47.44052, -3.69768]
						}
					}
				},
				"bone16": {
					"rotation": {
						"0.0": {
							"vector": [2.72535, 47.44052, 3.69768]
						},
						"0.1333": {
							"vector": [0, 47.5, 0]
						},
						"0.25": {
							"vector": [2.72535, 47.44052, 3.69768]
						}
					}
				},
				"bone36": {
					"rotation": {
						"0.0": {
							"vector": [0, 0, 27.5]
						},
						"0.25": {
							"vector": [0, 0, 27.5]
						}
					}
				},
				"bone37": {
					"rotation": {
						"0.0": {
							"vector": [0, 0, 27.5]
						},
						"0.25": {
							"vector": [0, 0, 27.5]
						}
					}
				},
				"bone38": {
					"rotation": {
						"0.0": {
							"vector": [0, 0, 27.5]
						},
						"0.25": {
							"vector": [0, 0, 27.5]
						}
					}
				},
				"bone32": {
					"rotation": {
						"0.0": {
							"vector": [0, 0, -27.5]
						},
						"0.25": {
							"vector": [0, 0, -27.5]
						}
					}
				},
				"bone33": {
					"rotation": {
						"0.0": {
							"vector": [0, 0, -27.5]
						},
						"0.25": {
							"vector": [0, 0, -27.5]
						}
					}
				},
				"bone34": {
					"rotation": {
						"0.0": {
							"vector": [0, 0, -27.5]
						},
						"0.25": {
							"vector": [0, 0, -27.5]
						}
					}
				},
				"bone24": {
					"rotation": {
						"0.0": {
							"vector": [17.5, 0, 0]
						},
						"0.0667": {
							"vector": [-27.5, 0, 0]
						},
						"0.25": {
							"vector": [17.5, 0, 0]
						}
					}
				},
				"bone25": {
					"rotation": {
						"0.0": {
							"vector": [-27.5, 0, 0]
						},
						"0.25": {
							"vector": [-27.5, 0, 0]
						}
					}
				},
				"bone26": {
					"rotation": {
						"0.0": {
							"vector": [0, 0, 0]
						},
						"0.0667": {
							"vector": [17.5, 0, 0]
						},
						"0.1333": {
							"vector": [-27.5, 0, 0]
						},
						"0.25": {
							"vector": [0, 0, 0]
						}
					}
				},
				"bone19": {
					"rotation": {
						"0.0": {
							"vector": [17.5, 0, 0]
						},
						"0.0667": {
							"vector": [-27.5, 0, 0]
						},
						"0.25": {
							"vector": [17.5, 0, 0]
						}
					}
				},
				"bone20": {
					"rotation": {
						"0.0": {
							"vector": [0, 0, 0]
						},
						"0.0917": {
							"vector": [-27.5, 0, 0]
						},
						"0.25": {
							"vector": [0, 0, 0]
						}
					}
				},
				"bone21": {
					"rotation": {
						"0.0": {
							"vector": [17.5, 0, 0]
						},
						"0.0417": {
							"vector": [0, 0, 0]
						},
						"0.1333": {
							"vector": [-27.5, 0, 0]
						},
						"0.25": {
							"vector": [17.5, 0, 0]
						}
					}
				},
				"bone3": {
					"rotation": {
						"0.1333": {
							"vector": [0, 0, 0]
						},
						"0.15": {
							"vector": [17.5, 0, 0]
						},
						"0.225": {
							"vector": [-27.5, 0, 0]
						},
						"0.25": {
							"vector": [0, 0, 0]
						}
					}
				},
				"bone17": {
					"rotation": {
						"0.0917": {
							"vector": [0, 0, 0]
						},
						"0.1083": {
							"vector": [17.5, 0, 0]
						},
						"0.1833": {
							"vector": [-27.5, 0, 0]
						},
						"0.25": {
							"vector": [0, 0, 0]
						}
					}
				},
				"bone28": {
					"rotation": {
						"0.1333": {
							"vector": [0, 0, 0]
						},
						"0.15": {
							"vector": [17.5, 0, 0]
						},
						"0.225": {
							"vector": [-27.5, 0, 0]
						},
						"0.25": {
							"vector": [0, 0, 0]
						}
					}
				},
				"bone41": {
					"rotation": {
						"0.0917": {
							"vector": [0, 0, 0]
						},
						"0.1083": {
							"vector": [17.5, 0, 0]
						},
						"0.1833": {
							"vector": [-27.5, 0, 0]
						},
						"0.25": {
							"vector": [0, 0, 0]
						}
					}
				}
			}
		},
		"flop": {
			"loop": true,
			"bones": {
				"MAIN": {
					"rotation": {
						"vector": [0, 0, 90]
					},
					"position": {
						"vector": [-5, 4, -2]
					}
				},
				"bone11": {
					"rotation": {
						"vector": [0, -45, 0]
					}
				},
				"bone16": {
					"rotation": {
						"vector": [0, 60, 0]
					}
				},
				"bone32": {
					"rotation": {
						"vector": [0, 0, 37.5]
					}
				},
				"bone33": {
					"rotation": {
						"vector": [0, 0, 45]
					}
				},
				"bone34": {
					"rotation": {
						"vector": [0, 0, 47.5]
					}
				}
			}
		}
	}
}