{
	"format_version": "1.8.0",
	"animations": {
		"fly": {
			"animation_length": 2.4583,
			"bones": {
				"bone3": {
					"position": {
						"0.0": {
							"vector": [0, 0, 0]
						},
						"1.5833": {
							"vector": [0, 0, 0]
						},
						"1.7083": {
							"vector": [0, 3, 0]
						},
						"1.8333": {
							"vector": [0, 0, 0]
						},
						"1.9583": {
							"vector": [0, 3, 0]
						},
						"2.0833": {
							"vector": [0, 3, 0]
						},
						"2.2083": {
							"vector": [0, 0, 0]
						},
						"2.3333": {
							"vector": [0, 3, 0]
						},
						"2.4583": {
							"vector": [0, 0, 0]
						}
					}
				},
				"bone5": {
					"rotation": {
						"0.0": {
							"vector": [0, 0, -2.5]
						},
						"0.0833": {
							"vector": [0.4852, -0.56387, -0.01656]
						},
						"0.1667": {
							"vector": [0, 0, -2.5]
						},
						"0.25": {
							"vector": [0.4852, -0.56387, -0.01656]
						},
						"0.3333": {
							"vector": [0, 0, -2.5]
						},
						"0.4167": {
							"vector": [0, 0, -2.5]
						},
						"0.5": {
							"vector": [0.4852, -0.56387, -0.01656]
						},
						"0.5833": {
							"vector": [0, 0, -2.5]
						},
						"0.6667": {
							"vector": [0.4852, -0.56387, -0.01656]
						},
						"0.75": {
							"vector": [0, 0, -2.5]
						},
						"0.8333": {
							"vector": [0, 0, -2.5]
						},
						"0.9167": {
							"vector": [0.4852, -0.56387, -0.01656]
						},
						"1.0": {
							"vector": [0, 0, -2.5]
						},
						"1.0833": {
							"vector": [0.4852, -0.56387, -0.01656]
						},
						"1.1667": {
							"vector": [0, 0, -2.5]
						},
						"1.25": {
							"vector": [0, 0, -2.5]
						},
						"1.3333": {
							"vector": [0.4852, -0.56387, -0.01656]
						},
						"1.4167": {
							"vector": [0, 0, -2.5]
						},
						"1.5": {
							"vector": [0.4852, -0.56387, -0.01656]
						},
						"1.5833": {
							"vector": [0, 0, -2.5]
						},
						"1.7083": {
							"vector": [0, 0, -45]
						},
						"1.8333": {
							"vector": [1.37731, 4.86482, 39.04697]
						},
						"1.9583": {
							"vector": [0, 0, -45]
						},
						"2.0833": {
							"vector": [0, 0, -45]
						},
						"2.2083": {
							"vector": [1.37731, 4.86482, 39.04697]
						},
						"2.3333": {
							"vector": [0, 0, -45]
						},
						"2.4583": {
							"vector": [0, 0, -2.5]
						}
					}
				},
				"bone4": {
					"rotation": {
						"0.0": {
							"vector": [0, 0, 5]
						},
						"0.0833": {
							"vector": [0, 0, 2.5]
						},
						"0.1667": {
							"vector": [0, 0, 5]
						},
						"0.25": {
							"vector": [0, 0, 2.5]
						},
						"0.3333": {
							"vector": [0, 0, 5]
						},
						"0.4167": {
							"vector": [0, 0, 5]
						},
						"0.5": {
							"vector": [0, 0, 2.5]
						},
						"0.5833": {
							"vector": [0, 0, 5]
						},
						"0.6667": {
							"vector": [0, 0, 2.5]
						},
						"0.75": {
							"vector": [0, 0, 5]
						},
						"0.8333": {
							"vector": [0, 0, 5]
						},
						"0.9167": {
							"vector": [0, 0, 2.5]
						},
						"1.0": {
							"vector": [0, 0, 5]
						},
						"1.0833": {
							"vector": [0, 0, 2.5]
						},
						"1.1667": {
							"vector": [0, 0, 5]
						},
						"1.25": {
							"vector": [0, 0, 5]
						},
						"1.3333": {
							"vector": [0, 0, 2.5]
						},
						"1.4167": {
							"vector": [0, 0, 5]
						},
						"1.5": {
							"vector": [0, 0, 2.5]
						},
						"1.5833": {
							"vector": [0, 0, 5]
						},
						"1.7083": {
							"vector": [-12.08068, -5.60576, 51.19149]
						},
						"1.8333": {
							"vector": [4.40728, 7.44762, -40.07591]
						},
						"1.9583": {
							"vector": [-12.08068, -5.60576, 51.19149]
						},
						"2.0833": {
							"vector": [-12.08068, -5.60576, 51.19149]
						},
						"2.2083": {
							"vector": [4.40728, 7.44762, -40.07591]
						},
						"2.3333": {
							"vector": [-12.08068, -5.60576, 51.19149]
						},
						"2.4583": {
							"vector": [0, 0, 5]
						}
					}
				},
				"head": {
					"rotation": {
						"0.0": {
							"vector": [0, 0, 42.5]
						},
						"0.5417": {
							"vector": [0, 0, 42.5]
						},
						"0.6667": {
							"vector": [0, 0, -27.5]
						},
						"1.3333": {
							"vector": [0, 0, -27.5]
						},
						"1.4583": {
							"vector": [0, 0, 0]
						},
						"2.3333": {
							"vector": [0, 0, 0]
						},
						"2.4583": {
							"vector": [0, 0, 42.5]
						}
					}
				}
			}
		}
	}
}