{
	"format_version": "1.8.0",
	"animations": {
		"fly": {
			"loop": true,
			"animation_length": 0.6667,
			"bones": {
				"bone11": {
					"rotation": {
						"0.0": {
							"vector": [15, 0, 0]
						},
						"0.375": {
							"vector": [5, 0, 0]
						},
						"0.6667": {
							"vector": [15, 0, 0]
						}
					}
				},
				"bone16": {
					"rotation": {
						"0.0": {
							"vector": [0, 0, -70]
						},
						"0.3333": {
							"vector": [-14.37244, 26.97431, 53.58249]
						},
						"0.6667": {
							"vector": [0, 0, -70]
						}
					}
				},
				"bone3": {
					"rotation": {
						"0.0": {
							"vector": [0, 0, 70]
						},
						"0.3333": {
							"vector": [-14.37244, -26.97431, -53.58249]
						},
						"0.6667": {
							"vector": [0, 0, 70]
						}
					}
				}
			}
		}
	}
}